{"cameraMode":{"drawMode":0,"name":"Shaded","section":"Shading Mode"},"sceneLighting":true,"audioPlay":false,"sceneViewState":{"m_AlwaysRefresh":false,"showFog":true,"showSkybox":true,"showFlares":true,"showImageEffects":true,"showParticleSystems":true,"showVisualEffectGraphs":true,"m_FxEnabled":true},"in2DMode":false,"pivot":{"x":0.3042215406894684,"y":0.997261643409729,"z":0.02767680585384369},"rotation":{"x":-0.06492134183645249,"y":0.9312949776649475,"z":-0.2061108499765396,"w":-0.29329198598861697},"size":3.084815740585327,"orthographic":false}